<?xml version="1.0" encoding="UTF-8"?>
<project-private xmlns="http://www.netbeans.org/ns/project-private/1">
    <editor-bookmarks xmlns="http://www.netbeans.org/ns/editor-bookmarks/2" lastBookmarkId="0"/>
    <open-files xmlns="http://www.netbeans.org/ns/projectui-open-files/2">
        <group>
            <file>file:/K:/public_html/PhpProject/jobPost.php</file>
            <file>file:/K:/public_html/PhpProject/addCompany.php</file>
            <file>file:/K:/public_html/PhpProject/index.php</file>
            <file>file:/K:/public_html/PhpProject/editJob.php</file>
            <file>file:/K:/public_html/PhpProject/recruiterProfile.php</file>
        </group>
    </open-files>
</project-private>
